{
    "ВТ18У, nACRo+TiB2, Фреза 6157-7005": {
        "Силы": 6185.808828035085,
        "Температура": 154.92340537509764
    },
    "ВТ18У, nACo3+TiB2, Фреза 6157-7005": {
        "Силы": 6345.236890613308,
        "Температура": 158.05317114025115
    },
    "ВТ18У, nACo3, Фреза 6157-7005": {
        "Силы": 6504.664953191533,
        "Температура": 162.74781978798137
    },
    "ВТ18У, nACRo, Фреза 6157-7005": {
        "Силы": 6664.093015769757,
        "Температура": 175.26688284859532
    },
    "ВТ18У, TiB2, Фреза 6157-7005": {
        "Силы": 6823.52107834798,
        "Температура": 179.96153149632556
    },
    "ВТ18У, AlTiCrN3 , Фреза 6157-7005": {
        "Силы": 6982.949140926205,
        "Температура": 189.35082879178603
    },
    "ВТ18У, AlTiN3, Фреза 6157-7005": {
        "Силы": 7142.3772035044285,
        "Температура": 194.04547743951625
    },
    "ВТ18У, AlTiCrN3+TiB2 , Фреза 6157-7005": {
        "Силы": 7301.8052660826515,
        "Температура": 200.3050089698232
    },
    "ВТ18У, AlTiN3+TiB2 , Фреза 6157-7005": {
        "Силы": 7461.233328660876,
        "Температура": 208.12942338270693
    },
    "ВТ18У, (CrAlSi)N+DLC, Фреза 6157-7005": {
        "Силы": 7620.661391239099,
        "Температура": 212.82407203043718
    },
    "ВТ18У, Без покрытия, Фреза 6157-7005": {
        "Силы": 7843.860678848615,
        "Температура": 219.08360356074417
    },
    "ВТ41, nACRo+TiB2, Фреза 6157-7005": {
        "Силы": 4591.528202252846,
        "Температура": 150.22875672736743
    },
    "ВТ41, nACo3+TiB2, Фреза 6157-7005": {
        "Силы": 4731.824897321682,
        "Температура": 154.14096393380927
    },
    "ВТ41, nACo3, Фреза 6157-7005": {
        "Силы": 4859.367347384263,
        "Температура": 161.18293690540463
    },
    "ВТ41, nACRo, Фреза 6157-7005": {
        "Силы": 4999.664042453099,
        "Температура": 176.0493242898837
    },
    "ВТ41, TiB2, Фреза 6157-7005": {
        "Силы": 5190.977717546969,
        "Температура": 184.65618014405578
    },
    "ВТ41, AlTiCrN3 , Фреза 6157-7005": {
        "Силы": 5280.257432590773,
        "Температура": 193.26303599822788
    },
    "ВТ41, AlTiN3, Фреза 6157-7005": {
        "Силы": 5420.55412765961,
        "Температура": 201.8698918524
    },
    "ВТ41, AlTiCrN3+TiB2 , Фреза 6157-7005": {
        "Силы": 5586.359312740964,
        "Температура": 209.69430626528367
    },
    "ВТ41, AlTiN3+TiB2 , Фреза 6157-7005": {
        "Силы": 5688.393272791026,
        "Температура": 216.73627923687903
    },
    "ВТ41, (CrAlSi)N+DLC, Фреза 6157-7005": {
        "Силы": 5752.164497822317,
        "Температура": 225.34313509105118
    },
    "ВТ41, Без покрытия, Фреза 6157-7005": {
        "Силы": 5930.723927909928,
        "Температура": 232.3851080626465
    },
    "ХН50МВКТЮР, nACRo+TiB2, Фреза 6157-7005": {
        "Силы": 19300.0,
        "Температура": 325.06854687189553
    },
    "ХН50МВКТЮР, nACo3+TiB2, Фреза 6157-7005": {
        "Силы": 20000.0,
        "Температура": 332.80827417836923
    },
    "ХН50МВКТЮР, nACo3, Фреза 6157-7005": {
        "Силы": 20700.0,
        "Температура": 340.548001484843
    },
    "ХН50МВКТЮР, nACRo, Фреза 6157-7005": {
        "Силы": 21650.0,
        "Температура": 348.2877287913167
    },
    "ХН50МВКТЮР, TiB2, Фреза 6157-7005": {
        "Силы": 22700.0,
        "Температура": 374.6028016333272
    },
    "ХН50МВКТЮР, AlTiCrN3 , Фреза 6157-7005": {
        "Силы": 23550.000000000004,
        "Температура": 386.9863653236851
    },
    "ХН50МВКТЮР, AlTiN3, Фреза 6157-7005": {
        "Силы": 24400.000000000004,
        "Температура": 399.36992901404307
    },
    "ХН50МВКТЮР, AlTiCrN3+TiB2 , Фреза 6157-7005": {
        "Силы": 25250.000000000004,
        "Температура": 411.7534927044011
    },
    "ХН50МВКТЮР, AlTiN3+TiB2 , Фреза 6157-7005": {
        "Силы": 26100.0,
        "Температура": 424.13705639475893
    },
    "ХН50МВКТЮР, (CrAlSi)N+DLC, Фреза 6157-7005": {
        "Силы": 26980.0,
        "Температура": 436.5206200851169
    },
    "ХН50МВКТЮР, Без покрытия, Фреза 6157-7005": {
        "Силы": 27870.0,
        "Температура": 448.90418377547473
    },
    "ХН58МБЮД-ИД, nACRo+TiB2, Фреза 6157-7005": {
        "Силы": 13100.0,
        "Температура": 332.0343014477219
    },
    "ХН58МБЮД-ИД, nACo3+TiB2, Фреза 6157-7005": {
        "Силы": 13500.0,
        "Температура": 339.0000560235482
    },
    "ХН58МБЮД-ИД, nACo3, Фреза 6157-7005": {
        "Силы": 13900.000000000002,
        "Температура": 349.061701521964
    },
    "ХН58МБЮД-ИД, nACRo, Фреза 6157-7005": {
        "Силы": 14600.0,
        "Температура": 357.57540155908504
    },
    "ХН58МБЮД-ИД, TiB2, Фреза 6157-7005": {
        "Силы": 15200.0,
        "Температура": 376.15074709462203
    },
    "ХН58МБЮД-ИД, AlTiCrN3 , Фреза 6157-7005": {
        "Силы": 15850.0,
        "Температура": 390.0822562462746
    },
    "ХН58МБЮД-ИД, AlTiN3, Фреза 6157-7005": {
        "Силы": 16400.0,
        "Температура": 398.5959562833957
    },
    "ХН58МБЮД-ИД, AlTiCrN3+TiB2 , Фреза 6157-7005": {
        "Силы": 17000.000000000004,
        "Температура": 412.52746543504844
    },
    "ХН58МБЮД-ИД, AlTiN3+TiB2 , Фреза 6157-7005": {
        "Силы": 17600.0,
        "Температура": 425.68500185605365
    },
    "ХН58МБЮД-ИД, (CrAlSi)N+DLC, Фреза 6157-7005": {
        "Силы": 17999.999999999996,
        "Температура": 441.93842919964845
    },
    "ХН58МБЮД-ИД, Без покрытия, Фреза 6157-7005": {
        "Силы": 18850.0,
        "Температура": 456.6439110819485
    }
}