{
    "ВТ18У, nACRo+TiB2, Фреза 6157-7005": {
        "Силы": 8953.47999439305,
        "Температура": 167.44246843571162,
        "Стойкость": 139.17148994633192
    },
    "ВТ18У, nACo3+TiB2, Фреза 6157-7005": {
        "Силы": 9310.59885456827,
        "Температура": 171.3546756421535,
        "Стойкость": 128.71351671337058
    },
    "ВТ18У, nACo3, Фреза 6157-7005": {
        "Силы": 9629.454979724718,
        "Температура": 176.83176573117206,
        "Стойкость": 114.23324608311636
    },
    "ВТ18У, nACRo, Фреза 6157-7005": {
        "Силы": 10012.082329912459,
        "Температура": 190.1332702330744,
        "Стойкость": 78.83702898693947
    },
    "ВТ18У, TiB2, Фреза 6157-7005": {
        "Силы": 10560.514865181545,
        "Температура": 197.17524320466978,
        "Стойкость": 67.57459627451955
    },
    "ВТ18У, AlTiCrN3 , Фреза 6157-7005": {
        "Силы": 10962.27358287867,
        "Температура": 207.3469819414186,
        "Стойкость": 65.16121783614385
    },
    "ВТ18У, AlTiN3, Фреза 6157-7005": {
        "Силы": 11364.032300575795,
        "Температура": 212.82407203043718,
        "Стойкость": 60.334460959392445
    },
    "ВТ18У, AlTiCrN3+TiB2 , Фреза 6157-7005": {
        "Силы": 11765.791018272921,
        "Температура": 219.86604500203254,
        "Стойкость": 52.28986616480679
    },
    "ВТ18У, AlTiN3+TiB2 , Фреза 6157-7005": {
        "Силы": 12167.549735970042,
        "Температура": 228.47290085620463,
        "Стойкость": 50.68094720588966
    },
    "ВТ18У, (CrAlSi)N+DLC, Фреза 6157-7005": {
        "Силы": 12569.308453667169,
        "Температура": 233.9499909452232,
        "Стойкость": 41.027433452386866
    },
    "ВТ18У, Без покрытия, Фреза 6157-7005": {
        "Силы": 12856.27896630797,
        "Температура": 240.99196391681858,
        "Стойкость": 35.39621709617691
    },
    "ВТ41, nACRo+TiB2, Фреза 6157-7005": {
        "Силы": 6708.732873291659,
        "Температура": 178.3966486137488,
        "Стойкость": 137.56257098741477
    },
    "ВТ41, nACo3+TiB2, Фреза 6157-7005": {
        "Силы": 7078.605978473139,
        "Температура": 181.5264143789023,
        "Стойкость": 126.30013827499486
    },
    "ВТ41, nACo3, Фреза 6157-7005": {
        "Силы": 7384.707858623327,
        "Температура": 184.65618014405578,
        "Стойкость": 111.01540816528211
    },
    "ВТ41, nACRo, Фреза 6157-7005": {
        "Силы": 7716.318228786034,
        "Температура": 191.69815311565114,
        "Стойкость": 100.55743493232075
    },
    "ВТ41, TiB2, Фреза 6157-7005": {
        "Силы": 8162.716804005061,
        "Температура": 202.65233329368834,
        "Стойкость": 91.70838065827652
    },
    "ВТ41, AlTiCrN3 , Фреза 6157-7005": {
        "Силы": 8519.835664180282,
        "Температура": 212.82407203043718,
        "Стойкость": 72.40135315127094
    },
    "ВТ41, AlTiN3, Фреза 6157-7005": {
        "Силы": 8825.937544330473,
        "Температура": 222.21336932589767,
        "Стойкость": 67.57459627451955
    },
    "ВТ41, AlTiCrN3+TiB2 , Фреза 6157-7005": {
        "Силы": 9144.79366948692,
        "Температура": 233.16754950393485,
        "Стойкость": 61.13892043885101
    },
    "ВТ41, AlTiN3+TiB2 , Фреза 6157-7005": {
        "Силы": 9463.649794643365,
        "Температура": 240.99196391681858,
        "Стойкость": 49.8764877264311
    },
    "ВТ41, (CrAlSi)N+DLC, Фреза 6157-7005": {
        "Силы": 9782.505919799816,
        "Температура": 247.25149544712554,
        "Стойкость": 45.85419032913826
    },
    "ВТ41, Без покрытия, Фреза 6157-7005": {
        "Силы": 10063.09930993749,
        "Температура": 253.51102697743252,
        "Стойкость": 35.39621709617691
    },
    "ХН50МВКТЮР, nACRo+TiB2, Фреза 6157-7005": {
        "Силы": 19300.0,
        "Температура": 325.06854687189553,
        "Стойкость": 89.5711671875335
    },
    "ХН50МВКТЮР, nACo3+TiB2, Фреза 6157-7005": {
        "Силы": 20000.0,
        "Температура": 332.80827417836923,
        "Стойкость": 73.70960633140778
    },
    "ХН50МВКТЮР, nACo3, Фреза 6157-7005": {
        "Силы": 20700.0,
        "Температура": 340.548001484843,
        "Стойкость": 65.31230940757652
    },
    "ХН50МВКТЮР, nACRo, Фреза 6157-7005": {
        "Силы": 21650.0,
        "Температура": 348.2877287913167,
        "Стойкость": 58.781078466818876
    },
    "ХН50МВКТЮР, TiB2, Фреза 6157-7005": {
        "Силы": 22700.0,
        "Температура": 374.6028016333272,
        "Стойкость": 42.91951761069314
    },
    "ХН50МВКТЮР, AlTiCrN3 , Фреза 6157-7005": {
        "Силы": 23550.000000000004,
        "Температура": 386.9863653236851,
        "Стойкость": 27.990989746104226
    },
    "ХН50МВКТЮР, AlTiN3, Фреза 6157-7005": {
        "Силы": 24400.000000000004,
        "Температура": 399.36992901404307,
        "Стойкость": 19.593692822272953
    },
    "ХН50МВКТЮР, AlTiCrN3+TiB2 , Фреза 6157-7005": {
        "Силы": 25250.000000000004,
        "Температура": 411.7534927044011,
        "Стойкость": 17.727626839199342
    },
    "ХН50МВКТЮР, AlTiN3+TiB2 , Фреза 6157-7005": {
        "Силы": 26100.0,
        "Температура": 424.13705639475893,
        "Стойкость": 16.794593847662533
    },
    "ХН50МВКТЮР, (CrAlSi)N+DLC, Фреза 6157-7005": {
        "Силы": 26980.0,
        "Температура": 436.5206200851169,
        "Стойкость": 15.861560856125724
    },
    "ХН50МВКТЮР, Без покрытия, Фреза 6157-7005": {
        "Силы": 27870.0,
        "Температура": 448.90418377547473,
        "Стойкость": 13.995494873052113
    },
    "ХН58МБЮД-ИД, nACRo+TiB2, Фреза 6157-7005": {
        "Силы": 18950.0,
        "Температура": 332.0343014477219,
        "Стойкость": 81.17387026370224
    },
    "ХН58МБЮД-ИД, nACo3+TiB2, Фреза 6157-7005": {
        "Силы": 19240.0,
        "Температура": 339.0000560235482,
        "Стойкость": 79.30780428062863
    },
    "ХН58МБЮД-ИД, nACo3, Фреза 6157-7005": {
        "Силы": 19580.0,
        "Температура": 349.061701521964,
        "Стойкость": 71.84354034833417
    },
    "ХН58МБЮД-ИД, nACRo, Фреза 6157-7005": {
        "Силы": 19990.0,
        "Температура": 357.57540155908504,
        "Стойкость": 54.11591350913483
    },
    "ХН58МБЮД-ИД, TiB2, Фреза 6157-7005": {
        "Силы": 22559.999999999996,
        "Температура": 376.15074709462203,
        "Стойкость": 47.584682568377175
    },
    "ХН58МБЮД-ИД, AlTiCrN3 , Фреза 6157-7005": {
        "Силы": 23780.0,
        "Температура": 390.0822562462746,
        "Стойкость": 41.986484619156336
    },
    "ХН58МБЮД-ИД, AlTiN3, Фреза 6157-7005": {
        "Силы": 24550.0,
        "Температура": 398.5959562833957,
        "Стойкость": 26.124923763030605
    },
    "ХН58МБЮД-ИД, AlTiCrN3+TiB2 , Фреза 6157-7005": {
        "Силы": 25870.0,
        "Температура": 412.52746543504844,
        "Стойкость": 24.25885777995699
    },
    "ХН58МБЮД-ИД, AlTiN3+TiB2 , Фреза 6157-7005": {
        "Силы": 27690.0,
        "Температура": 425.68500185605365,
        "Стойкость": 21.45975880534657
    },
    "ХН58МБЮД-ИД, (CrAlSi)N+DLC, Фреза 6157-7005": {
        "Силы": 28230.0,
        "Температура": 441.93842919964845,
        "Стойкость": 15.861560856125724
    },
    "ХН58МБЮД-ИД, Без покрытия, Фреза 6157-7005": {
        "Силы": 29010.0,
        "Температура": 462.83569292712747,
        "Стойкость": 13.995494873052113
    }
}